DELETE FROM CLIENTE WHERE CPF_CLI = 123456789;
DELETE FROM PRODUT WHERE ID_PRODUTO = 101;
DELETE FROM FORNECEDORES WHERE ID_FORN = 201;
DELETE FROM ESTOQUE WHERE ID_ESTOQUE = 301;
DELETE FROM VENDA WHERE ID_VENDA = 401;
DELETE FROM PAGAMENT WHERE ID_PAGAMENTO = 501;
DELETE FROM CLIENTES_PRODUT WHERE ID_CLPR = 601;
DELETE FROM VENDA_PRODUT WHERE ID_VENDA = 701 AND ID_PRODUTO = 801;

UPDATE CLIENT SET NOME_CLI = 'Maria Silva' WHERE CPF_CLI = 123456789;
UPDATE PRODUT SET VALOR_PRODUTO = 99.99 WHERE ID_PRODUTO = 101;
UPDATE FORNECED SET EMAIL_FORN = 'fornecedor@empresa.com' WHERE ID_FORN = 201;
UPDATE ESTOQUE SET LOC_PROD_ESTOQUE = 'Ala A, Prateleira 3' WHERE ID_ESTOQUE = 301;
UPDATE VENDA SET VALOR_TOTAL = 500.75 WHERE ID_VENDA = 401;
UPDATE PAGAMENT SET STATUS_PAGAMENTO = 'pago' WHERE ID_PAGAMENTO = 501;
UPDATE CLIENTES_PRODUT SET ID_PRODUTO = 102 WHERE ID_CLPR = 601;
UPDATE VENDA_PRODUT SET QNT_PRODUTO = 10 WHERE ID_VENDA = 701 AND ID_PRODUTO = 801;

INSERT INTO CLIENT (CPF_CLI, NOME_CLI, NASC_CLI, STATUS_CLI, CIDADE_CLI, ESTADO_CLI, PAIS_CLI, TELEFONE_CLI, ENDERECO_CLI, BAIRRO_CLI)
VALUES (123456789, 'João Souza', '1980-05-15', 'SIM', 'São Paulo', 'SP', 'Brasil', '11987654321', 'Rua ABC, 123', 'Centro');
INSERT INTO CLIENT (CPF_CLI, NOME_CLI, NASC_CLI, STATUS_CLI, CIDADE_CLI, ESTADO_CLI, PAIS_CLI, TELEFONE_CLI, ENDERECO_CLI, BAIRRO_CLI)
VALUES (987654321, 'Ana Pereira', '1990-10-20', 'NÃO', 'Rio de Janeiro', 'RJ', 'Brasil', '21987654321', 'Av. Brasil, 456', 'Copacabana');
INSERT INTO CLIENT (CPF_CLI, NOME_CLI, NASC_CLI, STATUS_CLI, CIDADE_CLI, ESTADO_CLI, PAIS_CLI, TELEFONE_CLI, ENDERECO_CLI, BAIRRO_CLI)
VALUES (112233445, 'Carlos Oliveira', '1985-03-25', 'SIM', 'Belo Horizonte', 'MG', 'Brasil', '31987654321', 'Rua das Flores, 789', 'Savassi');
INSERT INTO CLIENT (CPF_CLI, NOME_CLI, NASC_CLI, STATUS_CLI, CIDADE_CLI, ESTADO_CLI, PAIS_CLI, TELEFONE_CLI, ENDERECO_CLI, BAIRRO_CLI)
VALUES (223344556, 'Luana Costa', '1995-07-30', 'SIM', 'Curitiba', 'PR', 'Brasil', '41987654321', 'Rua do Sol, 321', 'Água Verde');
INSERT INTO CLIENT (CPF_CLI, NOME_CLI, NASC_CLI, STATUS_CLI, CIDADE_CLI, ESTADO_CLI, PAIS_CLI, TELEFONE_CLI, ENDERECO_CLI, BAIRRO_CLI)
VALUES (334455667, 'Roberto Lima', '1988-12-05', 'NÃO', 'Porto Alegre', 'RS', 'Brasil', '51987654321', 'Rua dos Pinheiros, 654', 'Moinhos de Vento');

INSERT INTO PRODUT (ID_PRODUTO, NOME_PRODUTO, DIMENSOES_PRODUTO, VALOR_PRODUTO, COR_PRODUTO, DESCRICAO_PRODUTO)
VALUES (101, 'Cadeira de Escritório', 1, 250.50, 'Preto', 'Cadeira ergonômica para escritório');
INSERT INTO PRODUT (ID_PRODUTO, NOME_PRODUTO, DIMENSOES_PRODUTO, VALOR_PRODUTO, COR_PRODUTO, DESCRICAO_PRODUTO)
VALUES (102, 'Mesa de Jantar', 2, 500.00, 'Madeira', 'Mesa de jantar de madeira de 6 lugares');
INSERT INTO PRODUT (ID_PRODUTO, NOME_PRODUTO, DIMENSOES_PRODUTO, VALOR_PRODUTO, COR_PRODUTO, DESCRICAO_PRODUTO)
VALUES (103, 'Cama de Casal', 3, 750.00, 'Branca', 'Cama de casal com cabeceira estofada');
INSERT INTO PRODUT (ID_PRODUTO, NOME_PRODUTO, DIMENSOES_PRODUTO, VALOR_PRODUTO, COR_PRODUTO, DESCRICAO_PRODUTO)
VALUES (104, 'Sofá 3 Lugares', 4, 1000.00, 'Cinza', 'Sofá confortável de 3 lugares');
INSERT INTO PRODUT (ID_PRODUTO, NOME_PRODUTO, DIMENSOES_PRODUTO, VALOR_PRODUTO, COR_PRODUTO, DESCRICAO_PRODUTO)
VALUES (105, 'Armário de Cozinha', 5, 350.00, 'Branco', 'Armário de cozinha com 6 portas');

INSERT INTO FORNECED (ID_FORN, CNPJ, ENDERECO_FORN, EMAIL_FORN, CONTATO_FORN, PRODUTO_FORN, DESCRICAO_PRODUTO_FORN)
VALUES (201, '12345678000195', 'Rua do Comércio, 123', 'fornecedor1@empresa.com', 'José Silva', 'Cadeiras', 'Fornecedor de cadeiras e móveis');
INSERT INTO FORNECED (ID_FORN, CNPJ, ENDERECO_FORN, EMAIL_FORN, CONTATO_FORN, PRODUTO_FORN, DESCRICAO_PRODUTO_FORN)
VALUES (202, '98765432000187', 'Av. Paulista, 456', 'fornecedor2@empresa.com', 'Maria Oliveira', 'Mesas', 'Fornecedor de mesas de jantar e escritório');
INSERT INTO FORNECED (ID_FORN, CNPJ, ENDERECO_FORN, EMAIL_FORN, CONTATO_FORN, PRODUTO_FORN, DESCRICAO_PRODUTO_FORN)
VALUES (203, '45612378000162', 'Rua das Flores, 789', 'fornecedor3@empresa.com', 'Carlos Souza', 'Sofás', 'Fornecedor de sofás e estofados');
INSERT INTO FORNECED (ID_FORN, CNPJ, ENDERECO_FORN, EMAIL_FORN, CONTATO_FORN, PRODUTO_FORN, DESCRICAO_PRODUTO_FORN)
VALUES (204, '65432198000193', 'Av. Rio Branco, 321', 'fornecedor4@empresa.com', 'Ana Costa', 'Armários', 'Fornecedor de armários e estantes');
INSERT INTO FORNECED (ID_FORN, CNPJ, ENDERECO_FORN, EMAIL_FORN, CONTATO_FORN, PRODUTO_FORN, DESCRICAO_PRODUTO_FORN)
VALUES (205, '32198754000140', 'Rua da Paz, 654', 'fornecedor5@empresa.com', 'João Pereira', 'Camas', 'Fornecedor de camas e colchões');

INSERT INTO ESTOQUE (ID_ESTOQUE, NOME_PRODUTO, LOC_PROD_ESTOQUE, ID_PRODUTO, DATA_RECEBIMENTO)
VALUES (301, 'Cadeira de Escritório', 'Ala A, Prateleira 2', 101, '2024-10-01');
INSERT INTO ESTOQUE (ID_ESTOQUE, NOME_PRODUTO, LOC_PROD_ESTOQUE, ID_PRODUTO, DATA_RECEBIMENTO)
VALUES (302, 'Mesa de Jantar', 'Ala B, Prateleira 3', 102, '2024-10-02');
INSERT INTO ESTOQUE (ID_ESTOQUE, NOME_PRODUTO, LOC_PROD_ESTOQUE, ID_PRODUTO, DATA_RECEBIMENTO)
VALUES (303, 'Sofá 3 Lugares', 'Ala C, Prateleira 4', 104, '2024-10-05');
INSERT INTO ESTOQUE (ID_ESTOQUE, NOME_PRODUTO, LOC_PROD_ESTOQUE, ID_PRODUTO, DATA_RECEBIMENTO)
VALUES (304, 'Cama de Casal', 'Ala D, Prateleira 2', 103, '2024-10-10');
INSERT INTO ESTOQUE (ID_ESTOQUE, NOME_PRODUTO, LOC_PROD_ESTOQUE, ID_PRODUTO, DATA_RECEBIMENTO)
VALUES (305, 'Armário de Cozinha', 'Ala E, Prateleira 1', 105, '2024-10-12');


INSERT INTO VENDA (ID_VENDA, PRODUTO_VENDA, QNT_PRODUTO_VENDA, ID_CLIENTE, DATA_VENDA, VALOR_TOTAL)
VALUES (401, 101, 2, 123456789, '2024-10-01', 501.00);
INSERT INTO VENDA (ID_VENDA, PRODUTO_VENDA, QNT_PRODUTO_VENDA, ID_CLIENTE, DATA_VENDA, VALOR_TOTAL)
VALUES (402, 102, 1, 987654321, '2024-10-02', 500.00);
INSERT INTO VENDA (ID_VENDA, PRODUTO_VENDA, QNT_PRODUTO_VENDA, ID_CLIENTE, DATA_VENDA, VALOR_TOTAL)
VALUES (403, 104, 1, 112233445, '2024-10-03', 1000.00);
INSERT INTO VENDA (ID_VENDA, PRODUTO_VENDA, QNT_PRODUTO_VENDA, ID_CLIENTE, DATA_VENDA, VALOR_TOTAL)
VALUES (404, 105, 2, 223344556, '2024-10-04', 700.00);
INSERT INTO VENDA (ID_VENDA, PRODUTO_VENDA, QNT_PRODUTO_VENDA, ID_CLIENTE, DATA_VENDA, VALOR_TOTAL)
VALUES (405, 103, 1, 334455667, '2024-10-05', 750.00);

INSERT INTO PAGAMENT (ID_PAGAMENTO, DATA_PAGAMENTO, VALOR_PAGAMENTO, STATUS_PAGAMENTO, TIPO_PAGAMENTO, ID_CLIENTE)
VALUES (501, '2024-10-01', 501.00, 'pago', 'cartao', 123456789);
INSERT INTO PAGAMENT (ID_PAGAMENTO, DATA_PAGAMENTO, VALOR_PAGAMENTO, STATUS_PAGAMENTO, TIPO_PAGAMENTO, ID_CLIENTE)
VALUES (502, '2024-10-02', 500.00, 'pendente', 'boleto', 987654321);
INSERT INTO PAGAMENT (ID_PAGAMENTO, DATA_PAGAMENTO, VALOR_PAGAMENTO, STATUS_PAGAMENTO, TIPO_PAGAMENTO, ID_CLIENTE)
VALUES (503, '2024-10-03', 1000.00, 'pago', 'dinheiro', 112233445);
INSERT INTO PAGAMENT (ID_PAGAMENTO, DATA_PAGAMENTO, VALOR_PAGAMENTO, STATUS_PAGAMENTO, TIPO_PAGAMENTO, ID_CLIENTE)
VALUES (504, '2024-10-04', 700.00, 'pendente', 'cartao', 223344556);
INSERT INTO PAGAMENT (ID_PAGAMENTO, DATA_PAGAMENTO, VALOR_PAGAMENTO, STATUS_PAGAMENTO, TIPO_PAGAMENTO, ID_CLIENTE)
VALUES (505, '2024-10-05', 750.00, 'pago', 'boleto', 334455667);

INSERT INTO CLIENTES_PRODUT (CPF_CLI, ID_PRODUTO)
VALUES (123456789, 101);
INSERT INTO CLIENTES_PRODUT (CPF_CLI, ID_PRODUTO)
VALUES (987654321, 102);
INSERT INTO CLIENTES_PRODUT (CPF_CLI, ID_PRODUTO)
VALUES (112233445, 104);
INSERT INTO CLIENTES_PRODUT (CPF_CLI, ID_PRODUTO)
VALUES (223344556, 105);
INSERT INTO CLIENTES_PRODUT (CPF_CLI, ID_PRODUTO)
VALUES (334455667, 103);


INSERT INTO VENDA_PRODUT (ID_VENDA, ID_PRODUTO, QNT_PRODUTO)
VALUES (401, 101, 2);
INSERT INTO VENDA_PRODUT (ID_VENDA, ID_PRODUTO, QNT_PRODUTO)
VALUES (402, 102, 1);
INSERT INTO VENDA_PRODUT (ID_VENDA, ID_PRODUTO, QNT_PRODUTO)
VALUES (403, 104, 1);
INSERT INTO VENDA_PRODUT (ID_VENDA, ID_PRODUTO, QNT_PRODUTO)
VALUES (404, 105, 2);
INSERT INTO VENDA_PRODUT (ID_VENDA, ID_PRODUTO, QNT_PRODUTO)
VALUES (405, 103, 1);